[
 {
  "State": "Andaman Nicobar",
  "District": "Nicobar"
 },
 {
  "State": "Andaman Nicobar",
  "District": "North Middle Andaman"
 },
 {
  "State": "Andaman Nicobar",
  "District": "South Andaman"
 },
 {
  "State": "Andhra Pradesh",
  "District": "Alluri Sitarama Raju"
 },
 {
  "State": "Andhra Pradesh",
  "District": "Anakapalli"
 },
 {
  "State": "Andhra Pradesh",
  "District": "Anantapur"
 },
 {
  "State": "Andhra Pradesh",
  "District": "Annamaya"
 },
 {
  "State": "Andhra Pradesh",
  "District": "Bapatla"
 },
 {
  "State": "Andhra Pradesh",
  "District": "Chittoor"
 },
 {
  "State": "Andhra Pradesh",
  "District": "East Godavari"
 },
 {
  "State": "Andhra Pradesh",
  "District": "Eluru"
 },
 {
  "State": "Andhra Pradesh",
  "District": "Guntur"
 },
 {
  "State": "Andhra Pradesh",
  "District": "Kadapa"
 },
 {
  "State": "Andhra Pradesh",
  "District": "Kakinada "
 },
 {
  "State": "Andhra Pradesh",
  "District": "Konaseema"
 },
 {
  "State": "Andhra Pradesh",
  "District": "Krishna"
 },
 {
  "State": "Andhra Pradesh",
  "District": "Kurnool"
 },
 {
  "State": "Andhra Pradesh",
  "District": "Manyam"
 },
 {
  "State": "Andhra Pradesh",
  "District": "N T Rama Rao"
 },
 {
  "State": "Andhra Pradesh",
  "District": "Nandyal"
 },
 {
  "State": "Andhra Pradesh",
  "District": "Nellore"
 },
 {
  "State": "Andhra Pradesh",
  "District": "Palnadu"
 },
 {
  "State": "Andhra Pradesh",
  "District": "Prakasam"
 },
 {
  "State": "Andhra Pradesh",
  "District": "Sri Balaji"
 },
 {
  "State": "Andhra Pradesh",
  "District": "Sri Satya Sai"
 },
 {
  "State": "Andhra Pradesh",
  "District": "Srikakulam"
 },
 {
  "State": "Andhra Pradesh",
  "District": "Visakhapatnam"
 },
 {
  "State": "Andhra Pradesh",
  "District": "Vizianagaram"
 },
 {
  "State": "Andhra Pradesh",
  "District": "West Godavari"
 },
 {
  "State": "Arunachal Pradesh",
  "District": "Anjaw"
 },
 {
  "State": "Arunachal Pradesh",
  "District": "Bichom"
 },
 {
  "State": "Arunachal Pradesh",
  "District": "Central Siang"
 },
 {
  "State": "Arunachal Pradesh",
  "District": "Changlang"
 },
 {
  "State": "Arunachal Pradesh",
  "District": "Dibang Valley"
 },
 {
  "State": "Arunachal Pradesh",
  "District": "East Kameng"
 },
 {
  "State": "Arunachal Pradesh",
  "District": "East Siang"
 },
 {
  "State": "Arunachal Pradesh",
  "District": "Kamle"
 },
 {
  "State": "Arunachal Pradesh",
  "District": "Keyi Panyor"
 },
 {
  "State": "Arunachal Pradesh",
  "District": "Kra Daadi"
 },
 {
  "State": "Arunachal Pradesh",
  "District": "Kurung Kumey"
 },
 {
  "State": "Arunachal Pradesh",
  "District": "Lepa Rada"
 },
 {
  "State": "Arunachal Pradesh",
  "District": "Lohit"
 },
 {
  "State": "Arunachal Pradesh",
  "District": "Longding"
 },
 {
  "State": "Arunachal Pradesh",
  "District": "Lower Dibang Valley"
 },
 {
  "State": "Arunachal Pradesh",
  "District": "Lower Siang"
 },
 {
  "State": "Arunachal Pradesh",
  "District": "Lower Subansiri"
 },
 {
  "State": "Arunachal Pradesh",
  "District": "Namsai"
 },
 {
  "State": "Arunachal Pradesh",
  "District": "Pakke Kessang"
 },
 {
  "State": "Arunachal Pradesh",
  "District": "Papum Pare"
 },
 {
  "State": "Arunachal Pradesh",
  "District": "Shi Yomi"
 },
 {
  "State": "Arunachal Pradesh",
  "District": "Tawang"
 },
 {
  "State": "Arunachal Pradesh",
  "District": "Tirap"
 },
 {
  "State": "Arunachal Pradesh",
  "District": "Upper Siang"
 },
 {
  "State": "Arunachal Pradesh",
  "District": "Upper Subansiri"
 },
 {
  "State": "Arunachal Pradesh",
  "District": "West Kameng"
 },
 {
  "State": "Arunachal Pradesh",
  "District": "West Siang"
 },
 {
  "State": "Assam",
  "District": "Bajali"
 },
 {
  "State": "Assam",
  "District": "Baksa"
 },
 {
  "State": "Assam",
  "District": "Barpeta"
 },
 {
  "State": "Assam",
  "District": "Biswanath"
 },
 {
  "State": "Assam",
  "District": "Bongaigaon"
 },
 {
  "State": "Assam",
  "District": "Cachar"
 },
 {
  "State": "Assam",
  "District": "Charaideo"
 },
 {
  "State": "Assam",
  "District": "Chirang"
 },
 {
  "State": "Assam",
  "District": "Darrang"
 },
 {
  "State": "Assam",
  "District": "Dhemaji"
 },
 {
  "State": "Assam",
  "District": "Dhubri"
 },
 {
  "State": "Assam",
  "District": "Dibrugarh"
 },
 {
  "State": "Assam",
  "District": "Dima Hasao"
 },
 {
  "State": "Assam",
  "District": "Goalpara"
 },
 {
  "State": "Assam",
  "District": "Golaghat"
 },
 {
  "State": "Assam",
  "District": "Hailakandi"
 },
 {
  "State": "Assam",
  "District": "Hojai"
 },
 {
  "State": "Assam",
  "District": "Jorhat"
 },
 {
  "State": "Assam",
  "District": "Kamrup"
 },
 {
  "State": "Assam",
  "District": "Kamrup Metropolitan"
 },
 {
  "State": "Assam",
  "District": "Karbi Anglong"
 },
 {
  "State": "Assam",
  "District": "Karimganj"
 },
 {
  "State": "Assam",
  "District": "Kokrajhar"
 },
 {
  "State": "Assam",
  "District": "Lakhimpur"
 },
 {
  "State": "Assam",
  "District": "Majuli"
 },
 {
  "State": "Assam",
  "District": "Morigaon"
 },
 {
  "State": "Assam",
  "District": "Nagaon"
 },
 {
  "State": "Assam",
  "District": "Nalbari"
 },
 {
  "State": "Assam",
  "District": "Sivasagar"
 },
 {
  "State": "Assam",
  "District": "Sonitpur"
 },
 {
  "State": "Assam",
  "District": "South Salmara-Mankachar"
 },
 {
  "State": "Assam",
  "District": "Tamulpur"
 },
 {
  "State": "Assam",
  "District": "Tinsukia"
 },
 {
  "State": "Assam",
  "District": "Udalguri"
 },
 {
  "State": "Assam",
  "District": "West Karbi Anglong"
 },
 {
  "State": "Bihar",
  "District": "Araria"
 },
 {
  "State": "Bihar",
  "District": "Arwal"
 },
 {
  "State": "Bihar",
  "District": "Aurangabad"
 },
 {
  "State": "Bihar",
  "District": "Banka"
 },
 {
  "State": "Bihar",
  "District": "Begusarai"
 },
 {
  "State": "Bihar",
  "District": "Bhagalpur"
 },
 {
  "State": "Bihar",
  "District": "Bhojpur"
 },
 {
  "State": "Bihar",
  "District": "Buxar"
 },
 {
  "State": "Bihar",
  "District": "Darbhanga"
 },
 {
  "State": "Bihar",
  "District": "East Champaran"
 },
 {
  "State": "Bihar",
  "District": "Gaya"
 },
 {
  "State": "Bihar",
  "District": "Gopalganj"
 },
 {
  "State": "Bihar",
  "District": "Jamui"
 },
 {
  "State": "Bihar",
  "District": "Jehanabad"
 },
 {
  "State": "Bihar",
  "District": "Kaimur"
 },
 {
  "State": "Bihar",
  "District": "Katihar"
 },
 {
  "State": "Bihar",
  "District": "Khagaria"
 },
 {
  "State": "Bihar",
  "District": "Kishanganj"
 },
 {
  "State": "Bihar",
  "District": "Lakhisarai"
 },
 {
  "State": "Bihar",
  "District": "Madhepura"
 },
 {
  "State": "Bihar",
  "District": "Madhubani"
 },
 {
  "State": "Bihar",
  "District": "Munger"
 },
 {
  "State": "Bihar",
  "District": "Muzaffarpur"
 },
 {
  "State": "Bihar",
  "District": "Nalanda"
 },
 {
  "State": "Bihar",
  "District": "Nawada"
 },
 {
  "State": "Bihar",
  "District": "Patna"
 },
 {
  "State": "Bihar",
  "District": "Purnia"
 },
 {
  "State": "Bihar",
  "District": "Rohtas"
 },
 {
  "State": "Bihar",
  "District": "Saharsa"
 },
 {
  "State": "Bihar",
  "District": "Samastipur"
 },
 {
  "State": "Bihar",
  "District": "Saran"
 },
 {
  "State": "Bihar",
  "District": "Sheikhpura"
 },
 {
  "State": "Bihar",
  "District": "Sheohar"
 },
 {
  "State": "Bihar",
  "District": "Sitamarhi"
 },
 {
  "State": "Bihar",
  "District": "Siwan"
 },
 {
  "State": "Bihar",
  "District": "Supaul"
 },
 {
  "State": "Bihar",
  "District": "Vaishali"
 },
 {
  "State": "Bihar",
  "District": "West Champaran"
 },
 {
  "State": "Chandigarh",
  "District": "Chandigarh"
 },
 {
  "State": "Chhattisgarh",
  "District": "Balod"
 },
 {
  "State": "Chhattisgarh",
  "District": "Baloda Bazar"
 },
 {
  "State": "Chhattisgarh",
  "District": "Balrampur"
 },
 {
  "State": "Chhattisgarh",
  "District": "Bastar"
 },
 {
  "State": "Chhattisgarh",
  "District": "Bemetara"
 },
 {
  "State": "Chhattisgarh",
  "District": "Bijapur"
 },
 {
  "State": "Chhattisgarh",
  "District": "Bilaspur"
 },
 {
  "State": "Chhattisgarh",
  "District": "Dantewada"
 },
 {
  "State": "Chhattisgarh",
  "District": "Dhamtari"
 },
 {
  "State": "Chhattisgarh",
  "District": "Durg"
 },
 {
  "State": "Chhattisgarh",
  "District": "Gariaband"
 },
 {
  "State": "Chhattisgarh",
  "District": "Gaurela Pendra Marwahi"
 },
 {
  "State": "Chhattisgarh",
  "District": "Janjgir Champa"
 },
 {
  "State": "Chhattisgarh",
  "District": "Jashpur"
 },
 {
  "State": "Chhattisgarh",
  "District": "Kabirdham"
 },
 {
  "State": "Chhattisgarh",
  "District": "Kanker"
 },
 {
  "State": "Chhattisgarh",
  "District": "Khairagarh"
 },
 {
  "State": "Chhattisgarh",
  "District": "Kondagaon"
 },
 {
  "State": "Chhattisgarh",
  "District": "Korba"
 },
 {
  "State": "Chhattisgarh",
  "District": "Koriya"
 },
 {
  "State": "Chhattisgarh",
  "District": "Mahasamund"
 },
 {
  "State": "Chhattisgarh",
  "District": "Manendragarh"
 },
 {
  "State": "Chhattisgarh",
  "District": "Mohla Manpur"
 },
 {
  "State": "Chhattisgarh",
  "District": "Mungeli"
 },
 {
  "State": "Chhattisgarh",
  "District": "Narayanpur"
 },
 {
  "State": "Chhattisgarh",
  "District": "Raigarh"
 },
 {
  "State": "Chhattisgarh",
  "District": "Raipur"
 },
 {
  "State": "Chhattisgarh",
  "District": "Rajnandgaon"
 },
 {
  "State": "Chhattisgarh",
  "District": "Sakti"
 },
 {
  "State": "Chhattisgarh",
  "District": "Sarangarh Bilaigarh"
 },
 {
  "State": "Chhattisgarh",
  "District": "Sukma"
 },
 {
  "State": "Chhattisgarh",
  "District": "Surajpur"
 },
 {
  "State": "Chhattisgarh",
  "District": "Surguja"
 },
 {
  "State": "Dadra and Nagar Haveli and Daman and Diu",
  "District": "Dadra and Nagar Haveli"
 },
 {
  "State": "Dadra and Nagar Haveli and Daman and Diu",
  "District": "Daman"
 },
 {
  "State": "Dadra and Nagar Haveli and Daman and Diu",
  "District": "Diu"
 },
 {
  "State": "Delhi",
  "District": "Central Delhi"
 },
 {
  "State": "Delhi",
  "District": "East Delhi"
 },
 {
  "State": "Delhi",
  "District": "New Delhi"
 },
 {
  "State": "Delhi",
  "District": "North Delhi"
 },
 {
  "State": "Delhi",
  "District": "North East Delhi"
 },
 {
  "State": "Delhi",
  "District": "North West Delhi"
 },
 {
  "State": "Delhi",
  "District": "Shahdara"
 },
 {
  "State": "Delhi",
  "District": "South Delhi"
 },
 {
  "State": "Delhi",
  "District": "South East Delhi"
 },
 {
  "State": "Delhi",
  "District": "South West Delhi"
 },
 {
  "State": "Delhi",
  "District": "West Delhi"
 },
 {
  "State": "Goa",
  "District": "North Goa"
 },
 {
  "State": "Goa",
  "District": "South Goa"
 },
 {
  "State": "Gujarat",
  "District": "Ahmedabad"
 },
 {
  "State": "Gujarat",
  "District": "Amreli"
 },
 {
  "State": "Gujarat",
  "District": "Anand"
 },
 {
  "State": "Gujarat",
  "District": "Aravalli"
 },
 {
  "State": "Gujarat",
  "District": "Banaskantha"
 },
 {
  "State": "Gujarat",
  "District": "Bharuch"
 },
 {
  "State": "Gujarat",
  "District": "Bhavnagar"
 },
 {
  "State": "Gujarat",
  "District": "Botad"
 },
 {
  "State": "Gujarat",
  "District": "Chhota Udaipur"
 },
 {
  "State": "Gujarat",
  "District": "Dahod"
 },
 {
  "State": "Gujarat",
  "District": "Dang"
 },
 {
  "State": "Gujarat",
  "District": "Devbhoomi Dwarka"
 },
 {
  "State": "Gujarat",
  "District": "Gandhinagar"
 },
 {
  "State": "Gujarat",
  "District": "Gir Somnath"
 },
 {
  "State": "Gujarat",
  "District": "Jamnagar"
 },
 {
  "State": "Gujarat",
  "District": "Junagadh"
 },
 {
  "State": "Gujarat",
  "District": "Kheda"
 },
 {
  "State": "Gujarat",
  "District": "Kutch"
 },
 {
  "State": "Gujarat",
  "District": "Mahisagar"
 },
 {
  "State": "Gujarat",
  "District": "Mehsana"
 },
 {
  "State": "Gujarat",
  "District": "Morbi"
 },
 {
  "State": "Gujarat",
  "District": "Narmada"
 },
 {
  "State": "Gujarat",
  "District": "Navsari"
 },
 {
  "State": "Gujarat",
  "District": "Panchmahal"
 },
 {
  "State": "Gujarat",
  "District": "Patan"
 },
 {
  "State": "Gujarat",
  "District": "Porbandar"
 },
 {
  "State": "Gujarat",
  "District": "Rajkot"
 },
 {
  "State": "Gujarat",
  "District": "Sabarkantha"
 },
 {
  "State": "Gujarat",
  "District": "Surat"
 },
 {
  "State": "Gujarat",
  "District": "Surendranagar"
 },
 {
  "State": "Gujarat",
  "District": "Tapi"
 },
 {
  "State": "Gujarat",
  "District": "Vadodara"
 },
 {
  "State": "Gujarat",
  "District": "Valsad"
 },
 {
  "State": "Haryana",
  "District": "Ambala"
 },
 {
  "State": "Haryana",
  "District": "Bhiwani"
 },
 {
  "State": "Haryana",
  "District": "Charkhi Dadri"
 },
 {
  "State": "Haryana",
  "District": "Faridabad"
 },
 {
  "State": "Haryana",
  "District": "Fatehabad"
 },
 {
  "State": "Haryana",
  "District": "Gurugram"
 },
 {
  "State": "Haryana",
  "District": "Hisar"
 },
 {
  "State": "Haryana",
  "District": "Jhajjar"
 },
 {
  "State": "Haryana",
  "District": "Jind"
 },
 {
  "State": "Haryana",
  "District": "Kaithal"
 },
 {
  "State": "Haryana",
  "District": "Karnal"
 },
 {
  "State": "Haryana",
  "District": "Kurukshetra"
 },
 {
  "State": "Haryana",
  "District": "Mahendragarh"
 },
 {
  "State": "Haryana",
  "District": "Mewat"
 },
 {
  "State": "Haryana",
  "District": "Palwal"
 },
 {
  "State": "Haryana",
  "District": "Panchkula"
 },
 {
  "State": "Haryana",
  "District": "Panipat"
 },
 {
  "State": "Haryana",
  "District": "Rewari"
 },
 {
  "State": "Haryana",
  "District": "Rohtak"
 },
 {
  "State": "Haryana",
  "District": "Sirsa"
 },
 {
  "State": "Haryana",
  "District": "Sonipat"
 },
 {
  "State": "Haryana",
  "District": "Yamunanagar"
 },
 {
  "State": "Himachal Pradesh",
  "District": "Bilaspur"
 },
 {
  "State": "Himachal Pradesh",
  "District": "Chamba"
 },
 {
  "State": "Himachal Pradesh",
  "District": "Hamirpur"
 },
 {
  "State": "Himachal Pradesh",
  "District": "Kangra"
 },
 {
  "State": "Himachal Pradesh",
  "District": "Kinnaur"
 },
 {
  "State": "Himachal Pradesh",
  "District": "Kullu"
 },
 {
  "State": "Himachal Pradesh",
  "District": "Lahaul Spiti"
 },
 {
  "State": "Himachal Pradesh",
  "District": "Mandi"
 },
 {
  "State": "Himachal Pradesh",
  "District": "Shimla"
 },
 {
  "State": "Himachal Pradesh",
  "District": "Sirmaur"
 },
 {
  "State": "Himachal Pradesh",
  "District": "Solan"
 },
 {
  "State": "Himachal Pradesh",
  "District": "Una"
 },
 {
  "State": "Jammu Kashmir",
  "District": "Anantnag"
 },
 {
  "State": "Jammu Kashmir",
  "District": "Bandipora"
 },
 {
  "State": "Jammu Kashmir",
  "District": "Baramulla"
 },
 {
  "State": "Jammu Kashmir",
  "District": "Budgam"
 },
 {
  "State": "Jammu Kashmir",
  "District": "Doda"
 },
 {
  "State": "Jammu Kashmir",
  "District": "Ganderbal"
 },
 {
  "State": "Jammu Kashmir",
  "District": "Jammu"
 },
 {
  "State": "Jammu Kashmir",
  "District": "Kathua"
 },
 {
  "State": "Jammu Kashmir",
  "District": "Kishtwar"
 },
 {
  "State": "Jammu Kashmir",
  "District": "Kulgam"
 },
 {
  "State": "Jammu Kashmir",
  "District": "Kupwara"
 },
 {
  "State": "Jammu Kashmir",
  "District": "Poonch"
 },
 {
  "State": "Jammu Kashmir",
  "District": "Pulwama"
 },
 {
  "State": "Jammu Kashmir",
  "District": "Rajouri"
 },
 {
  "State": "Jammu Kashmir",
  "District": "Ramban"
 },
 {
  "State": "Jammu Kashmir",
  "District": "Reasi"
 },
 {
  "State": "Jammu Kashmir",
  "District": "Samba"
 },
 {
  "State": "Jammu Kashmir",
  "District": "Shopian"
 },
 {
  "State": "Jammu Kashmir",
  "District": "Srinagar"
 },
 {
  "State": "Jammu Kashmir",
  "District": "Udhampur"
 },
 {
  "State": "Jharkhand",
  "District": "Bokaro"
 },
 {
  "State": "Jharkhand",
  "District": "Chatra"
 },
 {
  "State": "Jharkhand",
  "District": "Deoghar"
 },
 {
  "State": "Jharkhand",
  "District": "Dhanbad"
 },
 {
  "State": "Jharkhand",
  "District": "Dumka"
 },
 {
  "State": "Jharkhand",
  "District": "East Singhbhum"
 },
 {
  "State": "Jharkhand",
  "District": "Garhwa"
 },
 {
  "State": "Jharkhand",
  "District": "Giridih"
 },
 {
  "State": "Jharkhand",
  "District": "Godda"
 },
 {
  "State": "Jharkhand",
  "District": "Gumla"
 },
 {
  "State": "Jharkhand",
  "District": "Hazaribagh"
 },
 {
  "State": "Jharkhand",
  "District": "Jamtara"
 },
 {
  "State": "Jharkhand",
  "District": "Khunti"
 },
 {
  "State": "Jharkhand",
  "District": "Koderma"
 },
 {
  "State": "Jharkhand",
  "District": "Latehar"
 },
 {
  "State": "Jharkhand",
  "District": "Lohardaga"
 },
 {
  "State": "Jharkhand",
  "District": "Pakur"
 },
 {
  "State": "Jharkhand",
  "District": "Palamu"
 },
 {
  "State": "Jharkhand",
  "District": "Ramgarh"
 },
 {
  "State": "Jharkhand",
  "District": "Ranchi"
 },
 {
  "State": "Jharkhand",
  "District": "Sahebganj"
 },
 {
  "State": "Jharkhand",
  "District": "Seraikela Kharsawan"
 },
 {
  "State": "Jharkhand",
  "District": "Simdega"
 },
 {
  "State": "Jharkhand",
  "District": "West Singhbhum"
 },
 {
  "State": "Karnataka",
  "District": "Bagalkot"
 },
 {
  "State": "Karnataka",
  "District": "Bangalore Rural"
 },
 {
  "State": "Karnataka",
  "District": "Bangalore Urban"
 },
 {
  "State": "Karnataka",
  "District": "Belgaum"
 },
 {
  "State": "Karnataka",
  "District": "Bellary"
 },
 {
  "State": "Karnataka",
  "District": "Bidar"
 },
 {
  "State": "Karnataka",
  "District": "Chamarajanagar"
 },
 {
  "State": "Karnataka",
  "District": "Chikkaballapur"
 },
 {
  "State": "Karnataka",
  "District": "Chikkamagaluru"
 },
 {
  "State": "Karnataka",
  "District": "Chitradurga"
 },
 {
  "State": "Karnataka",
  "District": "Dakshina Kannada"
 },
 {
  "State": "Karnataka",
  "District": "Davanagere"
 },
 {
  "State": "Karnataka",
  "District": "Dharwad"
 },
 {
  "State": "Karnataka",
  "District": "Gadag"
 },
 {
  "State": "Karnataka",
  "District": "Gulbarga"
 },
 {
  "State": "Karnataka",
  "District": "Hassan"
 },
 {
  "State": "Karnataka",
  "District": "Haveri"
 },
 {
  "State": "Karnataka",
  "District": "Kodagu"
 },
 {
  "State": "Karnataka",
  "District": "Kolar"
 },
 {
  "State": "Karnataka",
  "District": "Koppal"
 },
 {
  "State": "Karnataka",
  "District": "Mandya"
 },
 {
  "State": "Karnataka",
  "District": "Mysore"
 },
 {
  "State": "Karnataka",
  "District": "Raichur"
 },
 {
  "State": "Karnataka",
  "District": "Ramanagara"
 },
 {
  "State": "Karnataka",
  "District": "Shimoga"
 },
 {
  "State": "Karnataka",
  "District": "Tumkur"
 },
 {
  "State": "Karnataka",
  "District": "Udupi"
 },
 {
  "State": "Karnataka",
  "District": "Uttara Kannada"
 },
 {
  "State": "Karnataka",
  "District": "Vijayanagara"
 },
 {
  "State": "Karnataka",
  "District": "Vijayapura "
 },
 {
  "State": "Karnataka",
  "District": "Yadgir"
 },
 {
  "State": "Kerala",
  "District": "Alappuzha"
 },
 {
  "State": "Kerala",
  "District": "Ernakulam"
 },
 {
  "State": "Kerala",
  "District": "Idukki"
 },
 {
  "State": "Kerala",
  "District": "Kannur"
 },
 {
  "State": "Kerala",
  "District": "Kasaragod"
 },
 {
  "State": "Kerala",
  "District": "Kollam"
 },
 {
  "State": "Kerala",
  "District": "Kottayam"
 },
 {
  "State": "Kerala",
  "District": "Kozhikode"
 },
 {
  "State": "Kerala",
  "District": "Malappuram"
 },
 {
  "State": "Kerala",
  "District": "Palakkad"
 },
 {
  "State": "Kerala",
  "District": "Pathanamthitta"
 },
 {
  "State": "Kerala",
  "District": "Thiruvananthapuram"
 },
 {
  "State": "Kerala",
  "District": "Thrissur"
 },
 {
  "State": "Kerala",
  "District": "Wayanad"
 },
 {
  "State": "Ladakh",
  "District": "Kargil"
 },
 {
  "State": "Ladakh",
  "District": "Leh"
 },
 {
  "State": "Lakshadweep",
  "District": "Lakshadweep"
 },
 {
  "State": "Madhya Pradesh",
  "District": "Agar Malwa"
 },
 {
  "State": "Madhya Pradesh",
  "District": "Alirajpur"
 },
 {
  "State": "Madhya Pradesh",
  "District": "Anuppur"
 },
 {
  "State": "Madhya Pradesh",
  "District": "Ashoknagar"
 },
 {
  "State": "Madhya Pradesh",
  "District": "Balaghat"
 },
 {
  "State": "Madhya Pradesh",
  "District": "Barwani"
 },
 {
  "State": "Madhya Pradesh",
  "District": "Betul"
 },
 {
  "State": "Madhya Pradesh",
  "District": "Bhind"
 },
 {
  "State": "Madhya Pradesh",
  "District": "Bhopal"
 },
 {
  "State": "Madhya Pradesh",
  "District": "Burhanpur"
 },
 {
  "State": "Madhya Pradesh",
  "District": "Chachaura"
 },
 {
  "State": "Madhya Pradesh",
  "District": "Chhatarpur"
 },
 {
  "State": "Madhya Pradesh",
  "District": "Chhindwara"
 },
 {
  "State": "Madhya Pradesh",
  "District": "Damoh"
 },
 {
  "State": "Madhya Pradesh",
  "District": "Datia"
 },
 {
  "State": "Madhya Pradesh",
  "District": "Dewas"
 },
 {
  "State": "Madhya Pradesh",
  "District": "Dhar"
 },
 {
  "State": "Madhya Pradesh",
  "District": "Dindori"
 },
 {
  "State": "Madhya Pradesh",
  "District": "Guna"
 },
 {
  "State": "Madhya Pradesh",
  "District": "Gwalior"
 },
 {
  "State": "Madhya Pradesh",
  "District": "Harda"
 },
 {
  "State": "Madhya Pradesh",
  "District": "Hoshangabad"
 },
 {
  "State": "Madhya Pradesh",
  "District": "Indore"
 },
 {
  "State": "Madhya Pradesh",
  "District": "Jabalpur"
 },
 {
  "State": "Madhya Pradesh",
  "District": "Jhabua"
 },
 {
  "State": "Madhya Pradesh",
  "District": "Katni"
 },
 {
  "State": "Madhya Pradesh",
  "District": "Khandwa"
 },
 {
  "State": "Madhya Pradesh",
  "District": "Khargone"
 },
 {
  "State": "Madhya Pradesh",
  "District": "Maihar"
 },
 {
  "State": "Madhya Pradesh",
  "District": "Mandla"
 },
 {
  "State": "Madhya Pradesh",
  "District": "Mandsaur"
 },
 {
  "State": "Madhya Pradesh",
  "District": "Morena"
 },
 {
  "State": "Madhya Pradesh",
  "District": "Nagda"
 },
 {
  "State": "Madhya Pradesh",
  "District": "Narsinghpur"
 },
 {
  "State": "Madhya Pradesh",
  "District": "Neemuch"
 },
 {
  "State": "Madhya Pradesh",
  "District": "Niwari"
 },
 {
  "State": "Madhya Pradesh",
  "District": "Pandhurna"
 },
 {
  "State": "Madhya Pradesh",
  "District": "Panna"
 },
 {
  "State": "Madhya Pradesh",
  "District": "Raisen"
 },
 {
  "State": "Madhya Pradesh",
  "District": "Rajgarh"
 },
 {
  "State": "Madhya Pradesh",
  "District": "Ratlam"
 },
 {
  "State": "Madhya Pradesh",
  "District": "Rewa"
 },
 {
  "State": "Madhya Pradesh",
  "District": "Sagar"
 },
 {
  "State": "Madhya Pradesh",
  "District": "Satna"
 },
 {
  "State": "Madhya Pradesh",
  "District": "Sehore"
 },
 {
  "State": "Madhya Pradesh",
  "District": "Seoni"
 },
 {
  "State": "Madhya Pradesh",
  "District": "Shahdol"
 },
 {
  "State": "Madhya Pradesh",
  "District": "Shajapur"
 },
 {
  "State": "Madhya Pradesh",
  "District": "Sheopur"
 },
 {
  "State": "Madhya Pradesh",
  "District": "Shivpuri"
 },
 {
  "State": "Madhya Pradesh",
  "District": "Sidhi"
 },
 {
  "State": "Madhya Pradesh",
  "District": "Singrauli"
 },
 {
  "State": "Madhya Pradesh",
  "District": "Tikamgarh"
 },
 {
  "State": "Madhya Pradesh",
  "District": "Ujjain"
 },
 {
  "State": "Madhya Pradesh",
  "District": "Umaria"
 },
 {
  "State": "Madhya Pradesh",
  "District": "Vidisha"
 },
 {
  "State": "Maharashtra",
  "District": "Ahmednagar"
 },
 {
  "State": "Maharashtra",
  "District": "Akola"
 },
 {
  "State": "Maharashtra",
  "District": "Amravati"
 },
 {
  "State": "Maharashtra",
  "District": "Aurangabad"
 },
 {
  "State": "Maharashtra",
  "District": "Beed"
 },
 {
  "State": "Maharashtra",
  "District": "Bhandara"
 },
 {
  "State": "Maharashtra",
  "District": "Buldhana"
 },
 {
  "State": "Maharashtra",
  "District": "Chandrapur"
 },
 {
  "State": "Maharashtra",
  "District": "Dhule"
 },
 {
  "State": "Maharashtra",
  "District": "Gadchiroli"
 },
 {
  "State": "Maharashtra",
  "District": "Gondia"
 },
 {
  "State": "Maharashtra",
  "District": "Hingoli"
 },
 {
  "State": "Maharashtra",
  "District": "Jalgaon"
 },
 {
  "State": "Maharashtra",
  "District": "Jalna"
 },
 {
  "State": "Maharashtra",
  "District": "Kolhapur"
 },
 {
  "State": "Maharashtra",
  "District": "Latur"
 },
 {
  "State": "Maharashtra",
  "District": "Mumbai City"
 },
 {
  "State": "Maharashtra",
  "District": "Mumbai Suburban"
 },
 {
  "State": "Maharashtra",
  "District": "Nagpur"
 },
 {
  "State": "Maharashtra",
  "District": "Nanded"
 },
 {
  "State": "Maharashtra",
  "District": "Nandurbar"
 },
 {
  "State": "Maharashtra",
  "District": "Nashik"
 },
 {
  "State": "Maharashtra",
  "District": "Osmanabad"
 },
 {
  "State": "Maharashtra",
  "District": "Palghar"
 },
 {
  "State": "Maharashtra",
  "District": "Parbhani"
 },
 {
  "State": "Maharashtra",
  "District": "Pune"
 },
 {
  "State": "Maharashtra",
  "District": "Raigad"
 },
 {
  "State": "Maharashtra",
  "District": "Ratnagiri"
 },
 {
  "State": "Maharashtra",
  "District": "Sangli"
 },
 {
  "State": "Maharashtra",
  "District": "Satara"
 },
 {
  "State": "Maharashtra",
  "District": "Sindhudurg"
 },
 {
  "State": "Maharashtra",
  "District": "Solapur"
 },
 {
  "State": "Maharashtra",
  "District": "Thane"
 },
 {
  "State": "Maharashtra",
  "District": "Wardha"
 },
 {
  "State": "Maharashtra",
  "District": "Washim"
 },
 {
  "State": "Maharashtra",
  "District": "Yavatmal"
 },
 {
  "State": "Manipur",
  "District": "Bishnupur"
 },
 {
  "State": "Manipur",
  "District": "Chandel"
 },
 {
  "State": "Manipur",
  "District": "Churachandpur"
 },
 {
  "State": "Manipur",
  "District": "Imphal East"
 },
 {
  "State": "Manipur",
  "District": "Imphal West"
 },
 {
  "State": "Manipur",
  "District": "Jiribam"
 },
 {
  "State": "Manipur",
  "District": "Kakching"
 },
 {
  "State": "Manipur",
  "District": "Kamjong"
 },
 {
  "State": "Manipur",
  "District": "Kangpokpi"
 },
 {
  "State": "Manipur",
  "District": "Noney"
 },
 {
  "State": "Manipur",
  "District": "Pherzawl"
 },
 {
  "State": "Manipur",
  "District": "Senapati"
 },
 {
  "State": "Manipur",
  "District": "Tamenglong"
 },
 {
  "State": "Manipur",
  "District": "Tengnoupal"
 },
 {
  "State": "Manipur",
  "District": "Thoubal"
 },
 {
  "State": "Manipur",
  "District": "Ukhrul"
 },
 {
  "State": "Meghalaya",
  "District": "East Garo Hills"
 },
 {
  "State": "Meghalaya",
  "District": "East Jaintia Hills"
 },
 {
  "State": "Meghalaya",
  "District": "East Khasi Hills"
 },
 {
  "State": "Meghalaya",
  "District": "Mairang"
 },
 {
  "State": "Meghalaya",
  "District": "North Garo Hills"
 },
 {
  "State": "Meghalaya",
  "District": "Ri Bhoi"
 },
 {
  "State": "Meghalaya",
  "District": "South Garo Hills"
 },
 {
  "State": "Meghalaya",
  "District": "South West Garo Hills"
 },
 {
  "State": "Meghalaya",
  "District": "South West Khasi Hills"
 },
 {
  "State": "Meghalaya",
  "District": "West Garo Hills"
 },
 {
  "State": "Meghalaya",
  "District": "West Jaintia Hills"
 },
 {
  "State": "Meghalaya",
  "District": "West Khasi Hills"
 },
 {
  "State": "Mizoram",
  "District": "Aizawl"
 },
 {
  "State": "Mizoram",
  "District": "Champhai"
 },
 {
  "State": "Mizoram",
  "District": "Hnahthial"
 },
 {
  "State": "Mizoram",
  "District": "Khawzawl"
 },
 {
  "State": "Mizoram",
  "District": "Kolasib"
 },
 {
  "State": "Mizoram",
  "District": "Lawngtlai"
 },
 {
  "State": "Mizoram",
  "District": "Lunglei"
 },
 {
  "State": "Mizoram",
  "District": "Mamit"
 },
 {
  "State": "Mizoram",
  "District": "Saiha"
 },
 {
  "State": "Mizoram",
  "District": "Saitual"
 },
 {
  "State": "Mizoram",
  "District": "Serchhip"
 },
 {
  "State": "Nagaland",
  "District": "Mon"
 },
 {
  "State": "Nagaland",
  "District": "Chumukedima"
 },
 {
  "State": "Nagaland",
  "District": "Dimapur"
 },
 {
  "State": "Nagaland",
  "District": "Kiphire"
 },
 {
  "State": "Nagaland",
  "District": "Kohima"
 },
 {
  "State": "Nagaland",
  "District": "Longleng"
 },
 {
  "State": "Nagaland",
  "District": "Mokokchung"
 },
 {
  "State": "Nagaland",
  "District": "Niuland"
 },
 {
  "State": "Nagaland",
  "District": "Noklak"
 },
 {
  "State": "Nagaland",
  "District": "Peren"
 },
 {
  "State": "Nagaland",
  "District": "Phek"
 },
 {
  "State": "Nagaland",
  "District": "Shamator"
 },
 {
  "State": "Nagaland",
  "District": "Tseminyu"
 },
 {
  "State": "Nagaland",
  "District": "Tuensang"
 },
 {
  "State": "Nagaland",
  "District": "Wokha"
 },
 {
  "State": "Nagaland",
  "District": "Zunheboto"
 },
 {
  "State": "Odisha",
  "District": "Angul"
 },
 {
  "State": "Odisha",
  "District": "Balangir"
 },
 {
  "State": "Odisha",
  "District": "Balasore"
 },
 {
  "State": "Odisha",
  "District": "Bargarh"
 },
 {
  "State": "Odisha",
  "District": "Bhadrak"
 },
 {
  "State": "Odisha",
  "District": "Boudh"
 },
 {
  "State": "Odisha",
  "District": "Cuttack"
 },
 {
  "State": "Odisha",
  "District": "Debagarh"
 },
 {
  "State": "Odisha",
  "District": "Dhenkanal"
 },
 {
  "State": "Odisha",
  "District": "Gajapati"
 },
 {
  "State": "Odisha",
  "District": "Ganjam"
 },
 {
  "State": "Odisha",
  "District": "Jagatsinghpur"
 },
 {
  "State": "Odisha",
  "District": "Jajpur"
 },
 {
  "State": "Odisha",
  "District": "Jharsuguda"
 },
 {
  "State": "Odisha",
  "District": "Kalahandi"
 },
 {
  "State": "Odisha",
  "District": "Kandhamal"
 },
 {
  "State": "Odisha",
  "District": "Kendrapara"
 },
 {
  "State": "Odisha",
  "District": "Kendujhar"
 },
 {
  "State": "Odisha",
  "District": "Khordha"
 },
 {
  "State": "Odisha",
  "District": "Koraput"
 },
 {
  "State": "Odisha",
  "District": "Malkangiri"
 },
 {
  "State": "Odisha",
  "District": "Mayurbhanj"
 },
 {
  "State": "Odisha",
  "District": "Nabarangpur"
 },
 {
  "State": "Odisha",
  "District": "Nayagarh"
 },
 {
  "State": "Odisha",
  "District": "Nuapada"
 },
 {
  "State": "Odisha",
  "District": "Puri"
 },
 {
  "State": "Odisha",
  "District": "Rayagada"
 },
 {
  "State": "Odisha",
  "District": "Sambalpur"
 },
 {
  "State": "Odisha",
  "District": "Subarnapur"
 },
 {
  "State": "Odisha",
  "District": "Sundergarh"
 },
 {
  "State": "Puducherry",
  "District": "Karaikal"
 },
 {
  "State": "Puducherry",
  "District": "Mahe"
 },
 {
  "State": "Puducherry",
  "District": "Puducherry"
 },
 {
  "State": "Puducherry",
  "District": "Yanam"
 },
 {
  "State": "Punjab",
  "District": "Amritsar"
 },
 {
  "State": "Punjab",
  "District": "Barnala"
 },
 {
  "State": "Punjab",
  "District": "Bathinda"
 },
 {
  "State": "Punjab",
  "District": "Faridkot"
 },
 {
  "State": "Punjab",
  "District": "Fatehgarh Sahib"
 },
 {
  "State": "Punjab",
  "District": "Fazilka"
 },
 {
  "State": "Punjab",
  "District": "Firozpur"
 },
 {
  "State": "Punjab",
  "District": "Gurdaspur"
 },
 {
  "State": "Punjab",
  "District": "Hoshiarpur"
 },
 {
  "State": "Punjab",
  "District": "Jalandhar"
 },
 {
  "State": "Punjab",
  "District": "Kapurthala"
 },
 {
  "State": "Punjab",
  "District": "Ludhiana"
 },
 {
  "State": "Punjab",
  "District": "Malerkotla"
 },
 {
  "State": "Punjab",
  "District": "Mansa"
 },
 {
  "State": "Punjab",
  "District": "Moga"
 },
 {
  "State": "Punjab",
  "District": "Mohali"
 },
 {
  "State": "Punjab",
  "District": "Muktsar"
 },
 {
  "State": "Punjab",
  "District": "Pathankot"
 },
 {
  "State": "Punjab",
  "District": "Patiala"
 },
 {
  "State": "Punjab",
  "District": "Rupnagar"
 },
 {
  "State": "Punjab",
  "District": "Sangrur"
 },
 {
  "State": "Punjab",
  "District": "Shaheed Bhagat Singh Nagar"
 },
 {
  "State": "Punjab",
  "District": "Tarn Taran"
 },
 {
  "State": "Rajasthan",
  "District": "Ajmer"
 },
 {
  "State": "Rajasthan",
  "District": "Alwar"
 },
 {
  "State": "Rajasthan",
  "District": "Anupgarh"
 },
 {
  "State": "Rajasthan",
  "District": "Balotra"
 },
 {
  "State": "Rajasthan",
  "District": "Banswara"
 },
 {
  "State": "Rajasthan",
  "District": "Baran"
 },
 {
  "State": "Rajasthan",
  "District": "Barmer"
 },
 {
  "State": "Rajasthan",
  "District": "Beawar"
 },
 {
  "State": "Rajasthan",
  "District": "Bharatpur"
 },
 {
  "State": "Rajasthan",
  "District": "Bhilwara"
 },
 {
  "State": "Rajasthan",
  "District": "Bikaner"
 },
 {
  "State": "Rajasthan",
  "District": "Bundi"
 },
 {
  "State": "Rajasthan",
  "District": "Chittorgarh"
 },
 {
  "State": "Rajasthan",
  "District": "Churu"
 },
 {
  "State": "Rajasthan",
  "District": "Dausa"
 },
 {
  "State": "Rajasthan",
  "District": "Deeg"
 },
 {
  "State": "Rajasthan",
  "District": "Dholpur"
 },
 {
  "State": "Rajasthan",
  "District": "Didwana Kuchaman"
 },
 {
  "State": "Rajasthan",
  "District": "Dudu"
 },
 {
  "State": "Rajasthan",
  "District": "Dungarpur"
 },
 {
  "State": "Rajasthan",
  "District": "Gangapur City"
 },
 {
  "State": "Rajasthan",
  "District": "Hanumangarh"
 },
 {
  "State": "Rajasthan",
  "District": "Jaipur"
 },
 {
  "State": "Rajasthan",
  "District": "Jaipur Rural"
 },
 {
  "State": "Rajasthan",
  "District": "Jaisalmer"
 },
 {
  "State": "Rajasthan",
  "District": "Jalore"
 },
 {
  "State": "Rajasthan",
  "District": "Jhalawar"
 },
 {
  "State": "Rajasthan",
  "District": "Jhunjhunu"
 },
 {
  "State": "Rajasthan",
  "District": "Jodhpur"
 },
 {
  "State": "Rajasthan",
  "District": "Jodhpur Rural"
 },
 {
  "State": "Rajasthan",
  "District": "Karauli"
 },
 {
  "State": "Rajasthan",
  "District": "Kekri"
 },
 {
  "State": "Rajasthan",
  "District": "Khairthal Tijara"
 },
 {
  "State": "Rajasthan",
  "District": "Kota"
 },
 {
  "State": "Rajasthan",
  "District": "Kotputli Behror"
 },
 {
  "State": "Rajasthan",
  "District": "Nagaur"
 },
 {
  "State": "Rajasthan",
  "District": "Neem ka Thana"
 },
 {
  "State": "Rajasthan",
  "District": "Pali"
 },
 {
  "State": "Rajasthan",
  "District": "Phalodi"
 },
 {
  "State": "Rajasthan",
  "District": "Pratapgarh"
 },
 {
  "State": "Rajasthan",
  "District": "Rajsamand"
 },
 {
  "State": "Rajasthan",
  "District": "Salumbar"
 },
 {
  "State": "Rajasthan",
  "District": "Sanchore"
 },
 {
  "State": "Rajasthan",
  "District": "Sawai Madhopur"
 },
 {
  "State": "Rajasthan",
  "District": "Shahpura"
 },
 {
  "State": "Rajasthan",
  "District": "Sikar"
 },
 {
  "State": "Rajasthan",
  "District": "Sirohi"
 },
 {
  "State": "Rajasthan",
  "District": "Sri Ganganagar"
 },
 {
  "State": "Rajasthan",
  "District": "Tonk"
 },
 {
  "State": "Rajasthan",
  "District": "Udaipur"
 },
 {
  "State": "Sikkim",
  "District": "East Sikkim"
 },
 {
  "State": "Sikkim",
  "District": "North Sikkim"
 },
 {
  "State": "Sikkim",
  "District": "Pakyong"
 },
 {
  "State": "Sikkim",
  "District": "Soreng"
 },
 {
  "State": "Sikkim",
  "District": "South Sikkim"
 },
 {
  "State": "Sikkim",
  "District": "West Sikkim"
 },
 {
  "State": "Tamil Nadu",
  "District": "Ariyalur"
 },
 {
  "State": "Tamil Nadu",
  "District": "Chengalpattu"
 },
 {
  "State": "Tamil Nadu",
  "District": "Chennai"
 },
 {
  "State": "Tamil Nadu",
  "District": "Coimbatore"
 },
 {
  "State": "Tamil Nadu",
  "District": "Cuddalore"
 },
 {
  "State": "Tamil Nadu",
  "District": "Dharmapuri"
 },
 {
  "State": "Tamil Nadu",
  "District": "Dindigul"
 },
 {
  "State": "Tamil Nadu",
  "District": "Erode"
 },
 {
  "State": "Tamil Nadu",
  "District": "Kallakurichi"
 },
 {
  "State": "Tamil Nadu",
  "District": "Kanchipuram"
 },
 {
  "State": "Tamil Nadu",
  "District": "Kanyakumari"
 },
 {
  "State": "Tamil Nadu",
  "District": "Karur"
 },
 {
  "State": "Tamil Nadu",
  "District": "Krishnagiri"
 },
 {
  "State": "Tamil Nadu",
  "District": "Madurai"
 },
 {
  "State": "Tamil Nadu",
  "District": "Mayiladuthurai "
 },
 {
  "State": "Tamil Nadu",
  "District": "Nagapattinam"
 },
 {
  "State": "Tamil Nadu",
  "District": "Namakkal"
 },
 {
  "State": "Tamil Nadu",
  "District": "Nilgiris"
 },
 {
  "State": "Tamil Nadu",
  "District": "Perambalur"
 },
 {
  "State": "Tamil Nadu",
  "District": "Pudukkottai"
 },
 {
  "State": "Tamil Nadu",
  "District": "Ramanathapuram"
 },
 {
  "State": "Tamil Nadu",
  "District": "Ranipet"
 },
 {
  "State": "Tamil Nadu",
  "District": "Salem"
 },
 {
  "State": "Tamil Nadu",
  "District": "Sivaganga"
 },
 {
  "State": "Tamil Nadu",
  "District": "Tenkasi"
 },
 {
  "State": "Tamil Nadu",
  "District": "Thanjavur"
 },
 {
  "State": "Tamil Nadu",
  "District": "Theni"
 },
 {
  "State": "Tamil Nadu",
  "District": "Thoothukudi"
 },
 {
  "State": "Tamil Nadu",
  "District": "Tiruchirappalli"
 },
 {
  "State": "Tamil Nadu",
  "District": "Tirunelveli"
 },
 {
  "State": "Tamil Nadu",
  "District": "Tirupattur"
 },
 {
  "State": "Tamil Nadu",
  "District": "Tiruppur"
 },
 {
  "State": "Tamil Nadu",
  "District": "Tiruvallur"
 },
 {
  "State": "Tamil Nadu",
  "District": "Tiruvannamalai"
 },
 {
  "State": "Tamil Nadu",
  "District": "Tiruvarur"
 },
 {
  "State": "Tamil Nadu",
  "District": "Vellore"
 },
 {
  "State": "Tamil Nadu",
  "District": "Viluppuram"
 },
 {
  "State": "Tamil Nadu",
  "District": "Virudhunagar"
 },
 {
  "State": "Telangana",
  "District": "Adilabad"
 },
 {
  "State": "Telangana",
  "District": "Bhadradri Kothagudem"
 },
 {
  "State": "Telangana",
  "District": "Hanamkonda"
 },
 {
  "State": "Telangana",
  "District": "Hyderabad"
 },
 {
  "State": "Telangana",
  "District": "Jagtial"
 },
 {
  "State": "Telangana",
  "District": "Jangaon"
 },
 {
  "State": "Telangana",
  "District": "Jayashankar"
 },
 {
  "State": "Telangana",
  "District": "Jogulamba"
 },
 {
  "State": "Telangana",
  "District": "Kamareddy"
 },
 {
  "State": "Telangana",
  "District": "Karimnagar"
 },
 {
  "State": "Telangana",
  "District": "Khammam"
 },
 {
  "State": "Telangana",
  "District": "Komaram Bheem"
 },
 {
  "State": "Telangana",
  "District": "Mahabubabad"
 },
 {
  "State": "Telangana",
  "District": "Mahbubnagar"
 },
 {
  "State": "Telangana",
  "District": "Mancherial"
 },
 {
  "State": "Telangana",
  "District": "Medak"
 },
 {
  "State": "Telangana",
  "District": "Medchal"
 },
 {
  "State": "Telangana",
  "District": "Mulugu"
 },
 {
  "State": "Telangana",
  "District": "Nagarkurnool"
 },
 {
  "State": "Telangana",
  "District": "Nalgonda"
 },
 {
  "State": "Telangana",
  "District": "Narayanpet"
 },
 {
  "State": "Telangana",
  "District": "Nirmal"
 },
 {
  "State": "Telangana",
  "District": "Nizamabad"
 },
 {
  "State": "Telangana",
  "District": "Peddapalli"
 },
 {
  "State": "Telangana",
  "District": "Rajanna Sircilla"
 },
 {
  "State": "Telangana",
  "District": "Ranga Reddy"
 },
 {
  "State": "Telangana",
  "District": "Sangareddy"
 },
 {
  "State": "Telangana",
  "District": "Siddipet"
 },
 {
  "State": "Telangana",
  "District": "Suryapet"
 },
 {
  "State": "Telangana",
  "District": "Vikarabad"
 },
 {
  "State": "Telangana",
  "District": "Wanaparthy"
 },
 {
  "State": "Telangana",
  "District": "Warangal"
 },
 {
  "State": "Telangana",
  "District": "Yadadri Bhuvanagiri"
 },
 {
  "State": "Tripura",
  "District": "Dhalai"
 },
 {
  "State": "Tripura",
  "District": "Gomati"
 },
 {
  "State": "Tripura",
  "District": "Khowai"
 },
 {
  "State": "Tripura",
  "District": "North Tripura"
 },
 {
  "State": "Tripura",
  "District": "Sepahijala"
 },
 {
  "State": "Tripura",
  "District": "South Tripura"
 },
 {
  "State": "Tripura",
  "District": "Unakoti"
 },
 {
  "State": "Tripura",
  "District": "West Tripura"
 },
 {
  "State": "Uttar Pradesh",
  "District": "Agra"
 },
 {
  "State": "Uttar Pradesh",
  "District": "Aligarh"
 },
 {
  "State": "Uttar Pradesh",
  "District": "Ambedkar Nagar"
 },
 {
  "State": "Uttar Pradesh",
  "District": "Amethi"
 },
 {
  "State": "Uttar Pradesh",
  "District": "Amroha"
 },
 {
  "State": "Uttar Pradesh",
  "District": "Auraiya"
 },
 {
  "State": "Uttar Pradesh",
  "District": "Ayodhya"
 },
 {
  "State": "Uttar Pradesh",
  "District": "Azamgarh"
 },
 {
  "State": "Uttar Pradesh",
  "District": "Baghpat"
 },
 {
  "State": "Uttar Pradesh",
  "District": "Bahraich"
 },
 {
  "State": "Uttar Pradesh",
  "District": "Ballia"
 },
 {
  "State": "Uttar Pradesh",
  "District": "Balrampur"
 },
 {
  "State": "Uttar Pradesh",
  "District": "Banda"
 },
 {
  "State": "Uttar Pradesh",
  "District": "Barabanki"
 },
 {
  "State": "Uttar Pradesh",
  "District": "Bareilly"
 },
 {
  "State": "Uttar Pradesh",
  "District": "Basti"
 },
 {
  "State": "Uttar Pradesh",
  "District": "Bhadohi"
 },
 {
  "State": "Uttar Pradesh",
  "District": "Bijnor"
 },
 {
  "State": "Uttar Pradesh",
  "District": "Budaun"
 },
 {
  "State": "Uttar Pradesh",
  "District": "Bulandshahr"
 },
 {
  "State": "Uttar Pradesh",
  "District": "Chandauli"
 },
 {
  "State": "Uttar Pradesh",
  "District": "Chitrakoot"
 },
 {
  "State": "Uttar Pradesh",
  "District": "Deoria"
 },
 {
  "State": "Uttar Pradesh",
  "District": "Etah"
 },
 {
  "State": "Uttar Pradesh",
  "District": "Etawah"
 },
 {
  "State": "Uttar Pradesh",
  "District": "Farrukhabad"
 },
 {
  "State": "Uttar Pradesh",
  "District": "Fatehpur"
 },
 {
  "State": "Uttar Pradesh",
  "District": "Firozabad"
 },
 {
  "State": "Uttar Pradesh",
  "District": "Gautam Buddha Nagar"
 },
 {
  "State": "Uttar Pradesh",
  "District": "Ghaziabad"
 },
 {
  "State": "Uttar Pradesh",
  "District": "Ghazipur"
 },
 {
  "State": "Uttar Pradesh",
  "District": "Gonda"
 },
 {
  "State": "Uttar Pradesh",
  "District": "Gorakhpur"
 },
 {
  "State": "Uttar Pradesh",
  "District": "Hamirpur"
 },
 {
  "State": "Uttar Pradesh",
  "District": "Hapur"
 },
 {
  "State": "Uttar Pradesh",
  "District": "Hardoi"
 },
 {
  "State": "Uttar Pradesh",
  "District": "Hathras"
 },
 {
  "State": "Uttar Pradesh",
  "District": "Jalaun"
 },
 {
  "State": "Uttar Pradesh",
  "District": "Jaunpur"
 },
 {
  "State": "Uttar Pradesh",
  "District": "Jhansi"
 },
 {
  "State": "Uttar Pradesh",
  "District": "Kannauj"
 },
 {
  "State": "Uttar Pradesh",
  "District": "Kanpur Dehat"
 },
 {
  "State": "Uttar Pradesh",
  "District": "Kanpur Nagar"
 },
 {
  "State": "Uttar Pradesh",
  "District": "Kasganj"
 },
 {
  "State": "Uttar Pradesh",
  "District": "Kaushambi"
 },
 {
  "State": "Uttar Pradesh",
  "District": "Kheri"
 },
 {
  "State": "Uttar Pradesh",
  "District": "Kushinagar"
 },
 {
  "State": "Uttar Pradesh",
  "District": "Lalitpur"
 },
 {
  "State": "Uttar Pradesh",
  "District": "Lucknow"
 },
 {
  "State": "Uttar Pradesh",
  "District": "Maharajganj"
 },
 {
  "State": "Uttar Pradesh",
  "District": "Mahoba"
 },
 {
  "State": "Uttar Pradesh",
  "District": "Mainpuri"
 },
 {
  "State": "Uttar Pradesh",
  "District": "Mathura"
 },
 {
  "State": "Uttar Pradesh",
  "District": "Mau"
 },
 {
  "State": "Uttar Pradesh",
  "District": "Meerut"
 },
 {
  "State": "Uttar Pradesh",
  "District": "Mirzapur"
 },
 {
  "State": "Uttar Pradesh",
  "District": "Moradabad"
 },
 {
  "State": "Uttar Pradesh",
  "District": "Muzaffarnagar"
 },
 {
  "State": "Uttar Pradesh",
  "District": "Pilibhit"
 },
 {
  "State": "Uttar Pradesh",
  "District": "Pratapgarh"
 },
 {
  "State": "Uttar Pradesh",
  "District": "Prayagraj"
 },
 {
  "State": "Uttar Pradesh",
  "District": "Raebareli"
 },
 {
  "State": "Uttar Pradesh",
  "District": "Rampur"
 },
 {
  "State": "Uttar Pradesh",
  "District": "Saharanpur"
 },
 {
  "State": "Uttar Pradesh",
  "District": "Sambhal"
 },
 {
  "State": "Uttar Pradesh",
  "District": "Sant Kabir Nagar"
 },
 {
  "State": "Uttar Pradesh",
  "District": "Shahjahanpur"
 },
 {
  "State": "Uttar Pradesh",
  "District": "Shamli"
 },
 {
  "State": "Uttar Pradesh",
  "District": "Shravasti"
 },
 {
  "State": "Uttar Pradesh",
  "District": "Siddharthnagar"
 },
 {
  "State": "Uttar Pradesh",
  "District": "Sitapur"
 },
 {
  "State": "Uttar Pradesh",
  "District": "Sonbhadra"
 },
 {
  "State": "Uttar Pradesh",
  "District": "Sultanpur"
 },
 {
  "State": "Uttar Pradesh",
  "District": "Unnao"
 },
 {
  "State": "Uttar Pradesh",
  "District": "Varanasi"
 },
 {
  "State": "Uttarakhand",
  "District": "Almora"
 },
 {
  "State": "Uttarakhand",
  "District": "Bageshwar"
 },
 {
  "State": "Uttarakhand",
  "District": "Chamoli"
 },
 {
  "State": "Uttarakhand",
  "District": "Champawat"
 },
 {
  "State": "Uttarakhand",
  "District": "Dehradun"
 },
 {
  "State": "Uttarakhand",
  "District": "Haridwar"
 },
 {
  "State": "Uttarakhand",
  "District": "Nainital"
 },
 {
  "State": "Uttarakhand",
  "District": "Pauri"
 },
 {
  "State": "Uttarakhand",
  "District": "Pithoragarh"
 },
 {
  "State": "Uttarakhand",
  "District": "Rudraprayag"
 },
 {
  "State": "Uttarakhand",
  "District": "Tehri"
 },
 {
  "State": "Uttarakhand",
  "District": "Udham Singh Nagar"
 },
 {
  "State": "Uttarakhand",
  "District": "Uttarkashi"
 },
 {
  "State": "West Bengal",
  "District": "Alipurduar"
 },
 {
  "State": "West Bengal",
  "District": "Bankura"
 },
 {
  "State": "West Bengal",
  "District": "Birbhum"
 },
 {
  "State": "West Bengal",
  "District": "Cooch Behar"
 },
 {
  "State": "West Bengal",
  "District": "Dakshin Dinajpur"
 },
 {
  "State": "West Bengal",
  "District": "Darjeeling"
 },
 {
  "State": "West Bengal",
  "District": "Hooghly"
 },
 {
  "State": "West Bengal",
  "District": "Howrah"
 },
 {
  "State": "West Bengal",
  "District": "Jalpaiguri"
 },
 {
  "State": "West Bengal",
  "District": "Jhargram"
 },
 {
  "State": "West Bengal",
  "District": "Kalimpong"
 },
 {
  "State": "West Bengal",
  "District": "Kolkata"
 },
 {
  "State": "West Bengal",
  "District": "Malda"
 },
 {
  "State": "West Bengal",
  "District": "Murshidabad"
 },
 {
  "State": "West Bengal",
  "District": "Nadia"
 },
 {
  "State": "West Bengal",
  "District": "North 24 Parganas"
 },
 {
  "State": "West Bengal",
  "District": "Paschim Bardhaman"
 },
 {
  "State": "West Bengal",
  "District": "Paschim Medinipur"
 },
 {
  "State": "West Bengal",
  "District": "Purba Bardhaman"
 },
 {
  "State": "West Bengal",
  "District": "Purba Medinipur"
 },
 {
  "State": "West Bengal",
  "District": "Purulia"
 },
 {
  "State": "West Bengal",
  "District": "South 24 Parganas"
 },
 {
  "State": "West Bengal",
  "District": "Uttar Dinajpur"
 }
 ]
